<?xml version="1.0" encoding="UTF-8"?>
<appli name="My_App">
    <name>My_New_App</name>
    <appname>My_New_App GUI</appname>
    <organization>LEnsE</organization>
    <year>2026</year>
    <logo>appli/_assets/LEnsE_IOGS.jpg</logo>
    <img_dir>%USERPROFILE%\Documents</img_dir>
    <contributors>
        <contributor>
            <name>Julien VILLEMEJANE</name>
            <organization>LEnsE / IOGS</organization>
            <mail>julien.villemejane@institutoptique.fr</mail>
        </contributor>
    </contributors>
	<module>
		<name>my_module</name>
		<location>./modules</location>
	</module>
	<module>
		<name>led_control</name>
		<location>lensepy_app.modules.drivers</location>
	</module>
	<module>
		<name>images</name>
		<location>./modules</location>
	</module>
	<module>
		<name>spatial_images</name>
		<location>./modules</location>
	</module>
    <variable name="led_w1"/>
    <variable name="led_w2"/>
    <variable name="led_r"/>
    <variable name="led_g"/>
    <variable name="led_b"/>
    <variable name="image"/>
    <variable name="bits_depth"/>
</appli>